av_industry,gics_industry
CRUDE PETROLEUM & NATURAL GAS,Oil Gas and Consumable Fuels
PETROLEUM REFINING,Oil Gas and Consumable Fuels
NATURAL GAS TRANSMISSION,Oil Gas and Consumable Fuels
NATURAL GAS TRANSMISSION & DISTRIBUTION,Gas Utilities
NATURAL GAS DISTRIBUTION,Gas Utilities
PIPE LINES (NO NATURAL GAS),Oil Gas and Consumable Fuels
BITUMINOUS COAL & LIGNITE MINING,Oil Gas and Consumable Fuels
DRILLING OIL & GAS WELLS,Energy Equipment and Services
OIL & GAS FIELD EXPLORATION SERVICES,Energy Equipment and Services
OIL & GAS FIELD SERVICES NEC,Energy Equipment and Services
OIL & GAS FIELD MACHINERY & EQUIPMENT,Energy Equipment and Services
WHOLESALE-PETROLEUM & PETROLEUM PRODUCTS (NO BULK STATIONS),Oil Gas and Consumable Fuels
CHEMICALS & ALLIED PRODUCTS,Chemicals
INDUSTRIAL INORGANIC CHEMICALS,Chemicals
INDUSTRIAL ORGANIC CHEMICALS,Chemicals
AGRICULTURAL CHEMICALS,Chemicals
PLASTIC MATERIAL SYNTH RESIN/RUBBER CELLULOS (NO GLASS),Chemicals
PAINTS VARNISHES LACQUERS ENAMELS & ALLIED PRODS,Chemicals
ADHESIVES & SEALANTS,Chemicals
SPECIALTY CLEANING POLISHING AND SANITATION PREPARATIONS,Household Products
CEMENT HYDRAULIC,Construction Materials
CUT STONE & STONE PRODUCTS,Construction Materials
CONCRETE GYPSUM & PLASTER PRODUCTS,Construction Materials
MINING & QUARRYING OF NONMETALLIC MINERALS (NO FUELS),Construction Materials
PAPERBOARD CONTAINERS & BOXES,Containers and Packaging
PLASTICS PRODUCTS NEC,Containers and Packaging
METAL CANS,Containers and Packaging
GLASS CONTAINERS,Containers and Packaging
STEEL WORKS BLAST FURNACES & ROLLING MILLS (COKE OVENS),Metals and Mining
STEEL WORKS BLAST FURNACES ROLLING & FINISHING MILLS,Metals and Mining
METAL MINING,Metals and Mining
GOLD AND SILVER ORES,Metals and Mining
GOLD & SILVER ORES,Metals and Mining
PRIMARY SMELTING & REFINING OF NONFERROUS METALS,Metals and Mining
ROLLING DRAWING & EXTRUDING OF NONFERROUS METALS,Metals and Mining
PRIMARY PRODUCTION OF ALUMINUM,Metals and Mining
PAPER MILLS,Paper and Forest Products
CONVERTED PAPER & PAPERBOARD PRODS (NO CONTANERS/BOXES),Paper and Forest Products
SAWMILLS & PLANNING MILLS GENERAL,Paper and Forest Products
LUMBER & WOOD PRODUCTS (NO FURNITURE),Paper and Forest Products
AIRCRAFT,Aerospace and Defense
AIRCRAFT ENGINES & ENGINE PARTS,Aerospace and Defense
AIRCRAFT PARTS & AUXILIARY EQUIPMENT NEC,Aerospace and Defense
GUIDED MISSILES & SPACE VEHICLES & PARTS,Aerospace and Defense
ORDNANCE & ACCESSORIES (NO VEHICLES/GUIDED MISSILES),Aerospace and Defense
SHIP & BOAT BUILDING & REPAIRING,Aerospace and Defense
HEATING EQUIPMENT EXCEPT ELECTRIC & WARM AIR FURNACES,Building Products
AIR-COND & WARM AIR HEATG EQUIP & COMM & INDL REFRIG EQUIP,Building Products
MILLWOOD VENEER PLYWOOD & STRUCTURAL WOOD MEMBERS,Building Products
CUTLERY HANDTOOLS & GENERAL HARDWARE,Building Products
HEAVY CONSTRUCTION OTHER THAN BLDG CONST - CONTRACTORS,Construction and Engineering
CONSTRUCTION - SPECIAL TRADE CONTRACTORS,Construction and Engineering
GENERAL BLDG CONTRACTORS - NONRESIDENTIAL BLDGS,Construction and Engineering
WATER SEWER PIPELINE COMM & POWER LINE CONSTRUCTION,Construction and Engineering
ELECTRICAL INDUSTRIAL APPARATUS,Electrical Equipment
ELECTRIC LIGHTING & WIRING EQUIPMENT,Electrical Equipment
MOTORS & GENERATORS,Electrical Equipment
SWITCHGEAR & SWITCHBOARD APPARATUS,Electrical Equipment
MISCELLANEOUS ELECTRICAL MACHINERY EQUIPMENT & SUPPLIES,Electrical Equipment
ELECTRONIC & OTHER ELECTRICAL EQUIPMENT (NO COMPUTER EQUIP),Electrical Equipment
POWER DRIVEN HANDTOOLS,Machinery
CONSTRUCTION MACHINERY & EQUIP,Machinery
FARM MACHINERY & EQUIPMENT,Machinery
GENERAL INDUSTRIAL MACHINERY & EQUIPMENT NEC,Machinery
GENERAL INDUSTRIAL MACHINERY & EQUIPMENT,Machinery
SPECIAL INDUSTRY MACHINERY NEC,Machinery
SPECIAL INDUSTRY MACHINERY (NO METALWORKING MACHINERY),Machinery
INDUSTRIAL INSTRUMENTS FOR MEASUREMENT DISPLAY AND CONTROL,Machinery
PUMPS & PUMPING EQUIPMENT,Machinery
BALL & ROLLER BEARINGS,Machinery
ENGINES & TURBINES,Machinery
MOTOR VEHICLE PARTS & ACCESSORIES,Automobile Components
MOTOR VEHICLES & PASSENGER CAR BODIES,Automobiles
MOTORCYCLES BICYCLES & PARTS,Automobiles
TRUCK & BUS BODIES,Machinery
TRUCK TRAILERS,Machinery
RAILROAD EQUIPMENT,Machinery
REFRIGERATION & SERVICE INDUSTRY MACHINERY,Machinery
METALWORKG MACHINERY & EQUIPMENT,Machinery
WHOLESALE-INDUSTRIAL MACHINERY & EQUIPMENT,Trading Companies and Distributors
WHOLESALE-ELECTRICAL APPARATUS & EQUIPMENT WIRING SUPPLIES,Trading Companies and Distributors
WHOLESALE-DURABLE GOODS,Trading Companies and Distributors
WHOLESALE-MACHINERY EQUIPMENT & SUPPLIES,Trading Companies and Distributors
WHOLESALE-HARDWARE & PLUMBING & HEATING EQUIPMENT & SUPPLIES,Trading Companies and Distributors
WHOLESALE-LUMBER & OTHER CONSTRUCTION MATERIALS,Trading Companies and Distributors
SERVICES-EQUIPMENT RENTAL & LEASING NEC,Trading Companies and Distributors
SERVICES-BUSINESS SERVICES NEC,Professional Services
SERVICES-MANAGEMENT CONSULTING SERVICES,Professional Services
SERVICES-ENGINEERING ACCOUNTING RESEARCH MANAGEMENT,Professional Services
SERVICES-ENGINEERING SERVICES,Professional Services
SERVICES-HELP SUPPLY SERVICES,Professional Services
SERVICES-EMPLOYMENT AGENCIES,Professional Services
SERVICES-CONSUMER CREDIT REPORTING COLLECTION AGENCIES,Professional Services
SERVICES-TESTING LABORATORIES,Professional Services
SERVICES-DETECTIVE GUARD & ARMORED CAR SERVICES,Commercial Services and Supplies
SERVICES-TO DWELLINGS & OTHER BUILDINGS,Commercial Services and Supplies
REFUSE SYSTEMS,Commercial Services and Supplies
HAZARDOUS WASTE MANAGEMENT,Commercial Services and Supplies
SANITARY SERVICES,Commercial Services and Supplies
OFFICE FURNITURE,Commercial Services and Supplies
BLANKBOOKS LOOSELEAF BINDERS & BOOKBINDG & RELATD WORK,Commercial Services and Supplies
COMMERCIAL PRINTING,Commercial Services and Supplies
AIR COURIER SERVICES,Air Freight and Logistics
ARRANGEMENT OF TRANSPORTATION OF FREIGHT & CARGO,Air Freight and Logistics
AIR TRANSPORTATION SCHEDULED,Passenger Airlines
AIR TRANSPORTATION NONSCHEDULED,Passenger Airlines
DEEP SEA FOREIGN TRANSPORTATION OF FREIGHT,Marine Transportation
WATER TRANSPORTATION,Marine Transportation
RAILROADS LINE-HAUL OPERATING,Ground Transportation
TRUCKING (NO LOCAL),Ground Transportation
TRUCKING & COURIER SERVICES (NO AIR),Ground Transportation
TRANSPORTATION SERVICES,Ground Transportation
SERVICES-AUTO RENTAL & LEASING (NO DRIVERS),Ground Transportation
AIRPORTS FLYING FIELDS & AIRPORT TERMINAL SERVICES,Transportation Infrastructure
HOUSEHOLD FURNITURE,Household Durables
HOUSEHOLD APPLIANCES,Household Durables
HOUSEHOLD AUDIO & VIDEO EQUIPMENT,Household Durables
OPERATIVE BUILDERS,Household Durables
MOBILE HOMES,Household Durables
GAMES TOYS & CHILDREN'S VEHICLES (NO DOLLS & BICYCLES),Leisure Products
DOLLS & STUFFED TOYS,Leisure Products
SPORTING & ATHLETIC GOODS NEC,Leisure Products
APPAREL & OTHER FINISHD PRODS OF FABRICS & SIMILAR MATL,Textiles Apparel and Luxury Goods
FOOTWEAR (NO RUBBER),Textiles Apparel and Luxury Goods
RUBBER & PLASTICS FOOTWEAR,Textiles Apparel and Luxury Goods
JEWELRY PRECIOUS METAL,Textiles Apparel and Luxury Goods
WOMEN'S MISSES' AND JUNIORS OUTERWEAR,Textiles Apparel and Luxury Goods
MEN'S & BOYS' FURNISHGS WORK CLOTHG & ALLIED GARMENTS,Textiles Apparel and Luxury Goods
LEATHER & LEATHER PRODUCTS,Textiles Apparel and Luxury Goods
HOTELS & MOTELS,Hotels Restaurants and Leisure
RETAIL-EATING PLACES,Hotels Restaurants and Leisure
RETAIL-EATING & DRINKING PLACES,Hotels Restaurants and Leisure
SERVICES-AMUSEMENT & RECREATION SERVICES,Hotels Restaurants and Leisure
SERVICES-MISCELLANEOUS AMUSEMENT & RECREATION,Hotels Restaurants and Leisure
SERVICES-RACING INCLUDING TRACK OPERATION,Hotels Restaurants and Leisure
SERVICES-MEMBERSHIP SPORTS & RECREATION CLUBS,Hotels Restaurants and Leisure
SERVICES-EDUCATIONAL SERVICES,Diversified Consumer Services
SERVICES-PERSONAL SERVICES,Diversified Consumer Services
SERVICES-CHILD DAY CARE SERVICES,Diversified Consumer Services
WHOLESALE-MOTOR VEHICLE SUPPLIES & NEW PARTS,Distributors
WHOLESALE-MISC DURABLE GOODS,Distributors
RETAIL-CATALOG & MAIL-ORDER HOUSES,Broadline Retail
RETAIL-VARIETY STORES,Broadline Retail
RETAIL-DEPARTMENT STORES,Broadline Retail
RETAIL-MISCELLANEOUS SHOPPING GOODS STORES,Broadline Retail
RETAIL-HOME FURNITURE FURNISHINGS & EQUIPMENT STORES,Specialty Retail
RETAIL-LUMBER & OTHER BUILDING MATERIALS DEALERS,Specialty Retail
RETAIL-AUTO DEALERS & GASOLINE STATIONS,Specialty Retail
RETAIL-AUTO & HOME SUPPLY STORES,Specialty Retail
RETAIL-APPAREL & ACCESSORY STORES,Specialty Retail
RETAIL-FAMILY CLOTHING STORES,Specialty Retail
RETAIL-WOMEN'S CLOTHING STORES,Specialty Retail
RETAIL-SHOE STORES,Specialty Retail
RETAIL-RADIO TV & CONSUMER ELECTRONICS STORES,Specialty Retail
RETAIL-COMPUTER & COMPUTER SOFTWARE STORES,Specialty Retail
RETAIL-JEWELRY STORES,Specialty Retail
RETAIL-HOBBY TOY & GAME SHOPS,Specialty Retail
RETAIL-RETAIL STORES NEC,Specialty Retail
RETAIL-BUILDING MATERIALS HARDWARE GARDEN SUPPLY,Specialty Retail
RETAIL-GROCERY STORES,Consumer Staples Distribution and Retail
RETAIL-FOOD STORES,Consumer Staples Distribution and Retail
RETAIL-DRUG STORES AND PROPRIETARY STORES,Consumer Staples Distribution and Retail
RETAIL-CONVENIENCE STORES,Consumer Staples Distribution and Retail
WHOLESALE-GROCERIES & RELATED PRODUCTS,Consumer Staples Distribution and Retail
WHOLESALE-DRUGS PROPRIETARIES & DRUGGISTS' SUNDRIES,Health Care Providers and Services
BEVERAGES,Beverages
MALT BEVERAGES,Beverages
BOTTLED & CANNED SOFT DRINKS & CARBONATED WATERS,Beverages
WINES BRANDY & BRANDY SPIRITS,Beverages
DISTILLED & BLENDED LIQUORS,Beverages
FOOD AND KINDRED PRODUCTS,Food Products
MEAT PACKING PLANTS,Food Products
POULTRY SLAUGHTERING AND PROCESSING,Food Products
DAIRY PRODUCTS,Food Products
CANNED FROZEN & PRESERVD FRUIT VEG & FOOD SPECIALTIES,Food Products
GRAIN MILL PRODUCTS,Food Products
BAKERY PRODUCTS,Food Products
SUGAR & CONFECTIONERY PRODUCTS,Food Products
FATS & OILS,Food Products
CIGARETTES,Tobacco
TOBACCO PRODUCTS,Tobacco
SOAP DETERGENTS CLEANG PREPARATIONS PERFUMES COSMETICS,Household Products
PAPER MILLS (SANITARY PAPER PRODUCTS),Household Products
PERFUMES COSMETICS & OTHER TOILET PREPARATIONS,Personal Care Products
SURGICAL & MEDICAL INSTRUMENTS & APPARATUS,Health Care Equipment and Supplies
ORTHOPEDIC PROSTHETIC & SURGICAL APPLIANCES & SUPPLIES,Health Care Equipment and Supplies
ELECTROMEDICAL & ELECTROTHERAPEUTIC APPARATUS,Health Care Equipment and Supplies
DENTAL EQUIPMENT & SUPPLIES,Health Care Equipment and Supplies
OPHTHALMIC GOODS,Health Care Equipment and Supplies
X-RAY APPARATUS & TUBES & RELATED IRRADIATION APPARATUS,Health Care Equipment and Supplies
WHOLESALE-MEDICAL DENTAL & HOSPITAL EQUIPMENT & SUPPLIES,Health Care Providers and Services
SERVICES-HOSPITALS,Health Care Providers and Services
SERVICES-GENERAL MEDICAL & SURGICAL HOSPITALS NEC,Health Care Providers and Services
SERVICES-HEALTH SERVICES,Health Care Providers and Services
SERVICES-MISC HEALTH & ALLIED SERVICES NEC,Health Care Providers and Services
SERVICES-NURSING & PERSONAL CARE FACILITIES,Health Care Providers and Services
SERVICES-HOME HEALTH CARE SERVICES,Health Care Providers and Services
SERVICES-MEDICAL LABORATORIES,Health Care Providers and Services
SERVICES-SPECIALTY OUTPATIENT FACILITIES NEC,Health Care Providers and Services
SERVICES-OFFICES & CLINICS OF DOCTORS OF MEDICINE,Health Care Providers and Services
HOSPITAL & MEDICAL SERVICE PLANS,Health Care Providers and Services
ACCIDENT & HEALTH INSURANCE,Health Care Providers and Services
SERVICES-COMPUTER PROCESSING & DATA PREPARATION,Health Care Technology
PHARMACEUTICAL PREPARATIONS,Pharmaceuticals
MEDICINAL CHEMICALS & BOTANICAL PRODUCTS,Pharmaceuticals
BIOLOGICAL PRODUCTS (NO DIAGNOSTIC SUBSTANCES),Biotechnology
IN VITRO & IN VIVO DIAGNOSTIC SUBSTANCES,Biotechnology
SERVICES-COMMERCIAL PHYSICAL & BIOLOGICAL RESEARCH,Life Sciences Tools and Services
LABORATORY ANALYTICAL INSTRUMENTS,Life Sciences Tools and Services
LABORATORY APPARATUS & FURNITURE,Life Sciences Tools and Services
NATIONAL COMMERCIAL BANKS,Banks
STATE COMMERCIAL BANKS,Banks
COMMERCIAL BANKS NEC,Banks
SAVINGS INSTITUTION FEDERALLY CHARTERED,Banks
SAVINGS INSTITUTIONS NOT FEDERALLY CHARTERED,Banks
FEDERAL & FEDERALLY-SPONSORED CREDIT AGENCIES,Financial Services
FINANCE SERVICES,Financial Services
FINANCE LESSORS,Financial Services
SHORT-TERM BUSINESS CREDIT INSTITUTIONS,Financial Services
MISCELLANEOUS BUSINESS CREDIT INSTITUTION,Financial Services
LOAN BROKERS,Financial Services
FUNCTIONS RELATED TO DEPOSITORY BANKING NEC,Financial Services
SERVICES-BUSINESS SERVICES NEC (PAYMENT PROCESSING),Financial Services
PERSONAL CREDIT INSTITUTIONS,Consumer Finance
MORTGAGE BANKERS & LOAN CORRESPONDENTS,Consumer Finance
SECURITY BROKERS DEALERS & FLOTATION COMPANIES,Capital Markets
SECURITY & COMMODITY BROKERS DEALERS EXCHANGES & SERVICES,Capital Markets
INVESTMENT ADVICE,Capital Markets
SECURITY & COMMODITY EXCHANGES,Capital Markets
INVESTORS NEC,Capital Markets
BLANK CHECKS,Capital Markets
REAL ESTATE INVESTMENT TRUSTS (MORTGAGE),Mortgage Real Estate Investment Trusts (REITs)
FIRE MARINE & CASUALTY INSURANCE,Insurance
LIFE INSURANCE,Insurance
INSURANCE AGENTS BROKERS & SERVICE,Insurance
SURETY INSURANCE,Insurance
TITLE INSURANCE,Insurance
INSURANCE CARRIERS NEC,Insurance
SERVICES-PREPACKAGED SOFTWARE,Software
SERVICES-COMPUTER PROGRAMMING SERVICES,Software
SERVICES-COMPUTER INTEGRATED SYSTEMS DESIGN,IT Services
SERVICES-COMPUTER PROGRAMMING DATA PROCESSING ETC.,IT Services
SERVICES-COMPUTER RELATED SERVICES NEC,IT Services
SERVICES-COMPUTER PROCESSING & DATA PREPARATION (IT),IT Services
ELECTRONIC COMPUTERS,Technology Hardware Storage and Peripherals
COMPUTER STORAGE DEVICES,Technology Hardware Storage and Peripherals
COMPUTER PERIPHERAL EQUIPMENT NEC,Technology Hardware Storage and Peripherals
COMPUTER TERMINALS,Technology Hardware Storage and Peripherals
OFFICE MACHINES NEC,Technology Hardware Storage and Peripherals
COMPUTER COMMUNICATIONS EQUIPMENT,Communications Equipment
TELEPHONE & TELEGRAPH APPARATUS,Communications Equipment
RADIO & TV BROADCASTING & COMMUNICATIONS EQUIPMENT,Communications Equipment
ELECTRONIC COMPONENTS NEC,Electronic Equipment Instruments and Components
ELECTRONIC COMPONENTS & ACCESSORIES,Electronic Equipment Instruments and Components
PRINTED CIRCUIT BOARDS,Electronic Equipment Instruments and Components
ELECTRONIC CONNECTORS,Electronic Equipment Instruments and Components
INSTRUMENTS FOR MEAS & TESTING OF ELECTRICITY & ELEC SIGNALS,Electronic Equipment Instruments and Components
OPTICAL INSTRUMENTS & LENSES,Electronic Equipment Instruments and Components
MEASURING & CONTROLLING DEVICES NEC,Electronic Equipment Instruments and Components
PHOTOGRAPHIC EQUIPMENT & SUPPLIES,Electronic Equipment Instruments and Components
WHOLESALE-ELECTRONIC PARTS & EQUIPMENT NEC,Electronic Equipment Instruments and Components
WHOLESALE-COMPUTERS & PERIPHERAL EQUIPMENT & SOFTWARE,Electronic Equipment Instruments and Components
SEMICONDUCTORS & RELATED DEVICES,Semiconductors and Semiconductor Equipment
SPECIAL INDUSTRY MACHINERY (SEMICONDUCTOR EQUIPMENT),Semiconductors and Semiconductor Equipment
TELEPHONE COMMUNICATIONS (NO RADIOTELEPHONE),Diversified Telecommunication Services
COMMUNICATIONS SERVICES NEC,Diversified Telecommunication Services
RADIOTELEPHONE COMMUNICATIONS,Wireless Telecommunication Services
TELEVISION BROADCASTING STATIONS,Media
RADIO BROADCASTING STATIONS,Media
CABLE & OTHER PAY TELEVISION SERVICES,Media
NEWSPAPERS: PUBLISHING OR PUBLISHING & PRINTING,Media
PERIODICALS: PUBLISHING OR PUBLISHING & PRINTING,Media
BOOKS: PUBLISHING OR PUBLISHING & PRINTING,Media
SERVICES-ADVERTISING,Media
SERVICES-ADVERTISING AGENCIES,Media
SERVICES-MOTION PICTURE & VIDEO TAPE PRODUCTION,Entertainment
SERVICES-MOTION PICTURE THEATERS,Entertainment
SERVICES-ALLIED TO MOTION PICTURE PRODUCTION,Entertainment
SERVICES-MISCELLANEOUS AMUSEMENT & RECREATION (ENTERTAINMENT),Entertainment
PHONOGRAPH RECORDS & PRERECORDED AUDIO TAPES & DISKS,Entertainment
SERVICES-COMPUTER PROGRAMMING DATA PROCESSING ETC. (INTERNET),Interactive Media and Services
ELECTRIC SERVICES,Electric Utilities
ELECTRIC & OTHER SERVICES COMBINED,Multi-Utilities
GAS & OTHER SERVICES COMBINED,Multi-Utilities
WATER SUPPLY,Water Utilities
COGENERATION SERVICES & SMALL POWER PRODUCERS,Independent Power and Renewable Electricity Producers
REAL ESTATE INVESTMENT TRUSTS,Diversified REITs
REAL ESTATE,Real Estate Management and Development
REAL ESTATE AGENTS & MANAGERS (FOR OTHERS),Real Estate Management and Development
REAL ESTATE OPERATORS (NO DEVELOPERS) & LESSORS,Real Estate Management and Development
LAND SUBDIVIDERS & DEVELOPERS (NO CEMETERIES),Real Estate Management and Development
LESSORS OF REAL PROPERTY NEC,Real Estate Management and Development
OPERATORS OF NONRESIDENTIAL BUILDINGS,Real Estate Management and Development
OPERATORS OF APARTMENT BUILDINGS,Real Estate Management and Development
